The Wall Street Journal;@WSJ;2021-12-27T14:45:06.000Z;How to Make Your Financial Life Happier in 2022 After two years in which many have been under pandemic stress and strain, consider making your money goals focus on happiness.;12;15
The Wall Street Journal;@WSJ;2021-12-27T14:30:04.000Z;Wildfires Are Hurting California Program to Fight Climate Change Researchers say trees set aside as part of cap-and-trade system are releasing carbon as they burn in fires that are more destructive than regulators had anticipated.;24;15
The Wall Street Journal;@WSJ;2021-12-27T14:15:02.000Z;The NFL’s Good, Bad and Mushy Teams With two weeks to go, football’s expanded playoff picture develops some clarity;6;7
The Wall Street Journal;@WSJ;2021-12-27T14:00:01.000Z;This 23-year-old got a 1980 MG MGB for the joy of driving in Colorado #WSJWhatsNow 0:;10;23
The Wall Street Journal;@WSJ;2021-12-27T13:45:06.000Z;Pandemic Tech Darlings Turned to Duds in 2021 Those former tech sweethearts that experienced a reversal in fortune this year could remain in the dumps in 2022.;7;11
The Wall Street Journal;@WSJ;2021-12-27T13:30:08.000Z;New York Gyms Are Sweating Over New Covid-19 Mask Mandate All businesses in the state, including gyms, must either require patrons to be vaccinated or wear masks indoors.;24;16
The Wall Street Journal;@WSJ;2021-12-27T13:15:05.000Z;How the Capitol Riot Turned a Partisan Congress ‘Toxic’ The House has become a deeply unpleasant place to work after the Jan. 6 riot by a pro-Trump mob at the Capitol, with simmering ill feeling and a series of ugly incidents fraying remaining bipartisan...;27;23
The Wall Street Journal;@WSJ;2021-12-27T13:00:07.000Z;China Evergrande Says Construction Has Resumed at Vast Majority of Its Projects The property developer said construction work has resumed at more than 90% of its stalled residential projects, adding that it has picked up the pace of delivering apartments promised to home buyers...;5;18
The Wall Street Journal;@WSJ;2021-12-27T08:30:03.000Z;The Top 9 Interior Design Trends for 2022 We canvassed hundreds of professionals to predict the next waves in decor.;5;15
The Wall Street Journal;@WSJ;2021-12-27T08:00:07.000Z;How Covid-19 Changed These Eight People’s Finances A cancer survivor fears he will catch Covid-19 at work. A bartender ditches restaurants for the Navy Reserve. A security guard plots stock bets while working the night shift. Nearly two years into...;9;13
The Wall Street Journal;@WSJ;2021-12-27T07:30:07.000Z;How the Taliban Outwitted and Outwaited the U.S. Islamist movement spoke of moderation as it solidified gains on the battlefield, taking Washington and its Afghan allies by surprise.;16;28
The Wall Street Journal;@WSJ;2021-12-27T07:00:07.000Z;How to Bee Socially Distanced Members of a hive instinctively stay farther apart when they sense a viral intruder.;18;60
The Wall Street Journal;@WSJ;2021-12-27T06:30:07.000Z;AT&T Slashed Promised Life Insurance for Former Workers—and Time Runs Out at Year-End The company, which is sparing its executives from the cut, says it brings benefits in line with what other firms offer. One retiree: ‘If there isn’t a legal obligation, there certainly is a moral...;24;56
The Wall Street Journal;@WSJ;2021-12-27T06:00:14.000Z;Federal Prosecutors Are Using a Law Intended for the Mob in Unexpected Cases A statute created to bring down the mafia is being used more creatively to go after individuals, like singer R. Kelly and Nxivm founder Keith Raniere.;27;26
The Wall Street Journal;@WSJ;2021-12-27T05:30:06.000Z;Take an early look at the front page of The Wall Street Journal;17;46
The Wall Street Journal;@WSJ;2021-12-27T05:00:08.000Z;Airlines Brace for Flight Restrictions in 5G Standoff The carriers are taking steps to prepare for potential FAA flight restrictions when a new 5G wireless service goes live Jan. 5.;8;32
The Wall Street Journal;@WSJ;2021-12-27T00:15:03.000Z;Deadhead Takes a Strange, Very Long Trip to Solve a Jerry Garcia Mystery An amateur historian of Mr. Garcia’s work outside the Grateful Dead sought two missing names in a yearslong quest not even his family understood.;7;10
The Wall Street Journal;@WSJ;2021-12-27T00:00:13.000Z;Can the Stock Market’s Big Gains Continue in the Years Ahead? Unlikely. Investors need to have a more-sober, realistic expectation for future market returns.;8;17
The Wall Street Journal;@WSJ;2021-12-26T23:30:06.000Z;Politics Was Supposed to Return to Normal in 2021. What Happened? Neither party is strong enough to impose its will, while ideological polarization has made compromise nearly impossible.;28;22
The Wall Street Journal;@WSJ;2021-12-26T23:15:06.000Z;Christmas Cancellations Mark Setback for Airlines After Smoother Thanksgiving Covid-19 left carriers short-staffed and many travelers in a lurch.;17;14
The Wall Street Journal;@WSJ;2021-12-26T23:00:14.000Z;Italian Tech Startup Revives Einstein’s Father’s Power Plant A husband-wife team of entrepreneurs are using a once-abandoned hydroelectric station to feed the power grid and keep their artificial-intelligence enterprise humming.;11;45
The Wall Street Journal;@WSJ;2021-12-26T23:00:00.000Z;Five Big Tech stocks have become such heavyweights in the market that if they don’t do well next year it could have far-reaching effects #WSJWhatsNow;9;14
The Wall Street Journal;@WSJ;2021-12-26T22:30:10.000Z;Well-Preserved Embryo Found Inside Fossilized Dinosaur Egg Scientists said the embryo inside the egg, which was laid between 72 million to 66 million years ago during the Late Cretaceous period, was that of a two-legged, feathered carnivore known as an...;24;72
The Wall Street Journal;@WSJ;2021-12-26T18:00:22.000Z;Think Santa Is Busy? Ham Sniffers Are Pushing Their Noses to the Limit Christmas is the busy season for scent experts at Cinco Jotas, a 142-year-old company in Jabugo, Spain, who take whiffs of pork to determine whether the meat passes muster. ‘I will find a way to...;9;58
The Wall Street Journal;@WSJ;2021-12-26T17:30:11.000Z;Elon Musk Says He Lives in a $50,000 House. He Doesn’t Talk About the Austin Mansion. The world’s richest man, who said last year that he was selling physical possessions, has been living in a billionaire friend’s estate and shopping for his own Texas palace;45;21
The Wall Street Journal;@WSJ;2021-12-26T17:15:06.000Z;Wall Street Bets S&P 500 Will Say Goodbye to Outsize Stock Gains in 2022 The Federal Reserve’s expected interest-rate increases in the year ahead could make stock investors less willing to accept lofty valuations.;10;16
The Wall Street Journal;@WSJ;2021-12-26T17:00:20.000Z;Behind a New Pill to Treat Covid: A Husband-and-Wife Team and a Hunch A drug’s nearly two-year journey from a university lab, sped by a partnership with drug giant Merck, is latest example of the unlikely sources of pandemic antidotes;9;11
The Wall Street Journal;@WSJ;2021-12-26T16:45:06.000Z;Desmond Tutu, Archbishop Who Helped End Apartheid, Dies The Anglican archbishop who led a global campaign to end South Africa’s racist policies and then helped in healing the nation’s wounds, has died at 90.;24;75
The Wall Street Journal;@WSJ;2021-12-26T16:30:12.000Z;For a Taliban-Ruled Afghanistan, and the Rest of the World, a Crisis Looms The new Taliban administration is struggling with a devastated economy. The fallout likely will extend well beyond the country’s borders.;20;23
The Wall Street Journal;@WSJ;2021-12-26T16:15:05.000Z;Jack Dorsey Ignites Battle Over Competing Visions for ‘Web3’ Tech stalwarts are debating how decentralized the future internet might be, after comments by the former Twitter CEO.;21;45
The Wall Street Journal;@WSJ;2021-12-26T12:00:04.000Z;In Hot Job Market, Salaries Start to Swell for White-Collar Workers Professionals toward the end of 2021 saw compensation jump at the fastest rate in nearly 20 years, with sectors including law and finance reaping significant gains.;13;18
The Wall Street Journal;@WSJ;2021-12-26T11:45:07.000Z;Myanmar Military Attack Kills Dozens, Including Children, Aid Group Says The violence happened in a part of the country where resistance groups have been fighting the military junta.;9;50
The Wall Street Journal;@WSJ;2021-12-26T11:30:05.000Z;Lawmakers Want Biden to Play Bigger Role Pushing Tech Legislation Lawmakers say 2022 is shaping up as a pivotal year in their efforts to tighten regulations on social media and other internet platforms.;36;26
The Wall Street Journal;@WSJ;2021-12-26T10:00:09.000Z;Macau’s Casino King Is Dethroned as Beijing Reins In Offshore Gambling For nearly two decades before he was detained, Alvin Chau ferried Chinese high-rollers to casinos in Macau, bringing tens of billions of dollars into the city as it passed Las Vegas to become the...;10;18
The Wall Street Journal;@WSJ;2021-12-26T09:30:06.000Z;Carbon-Neutral Product Labels Are Proliferating. Will They Pay Off? From wine to sneakers, more consumer products are sporting labels touting their carbon-neutral credentials. How the labels will pay off with consumers remains to be seen.;14;18
The Wall Street Journal;@WSJ;2021-12-26T09:00:07.000Z;Cheap Stocks in Europe Can Reward Investors With a Plan The discount at which European stocks trade relative to U.S. ones has reached extremes this year. Private equity appears to see opportunities.;3;11
The Wall Street Journal;@WSJ;2021-12-26T08:30:03.000Z;Small Shops Flourish in the U.K., Offering Hope for the Global Retail Industry Chains were hit by online rivals, then the pandemic. Now, independent stores are back.;6;12
The Wall Street Journal;@WSJ;2021-12-26T02:30:04.000Z;The U.S. Pursued Professors Working With China. Cases Are Faltering. Prominent MIT professor Gang Chen’s academic collaboration in Shenzhen led to criminal charges of concealing ties to China in grant applications he had made to the U.S. government. The university...;13;19
The Wall Street Journal;@WSJ;2021-12-26T02:00:09.000Z;How a $6 Bass Pro Shops Hat Became a Fashion Trend You don’t need to fish to wear this hat, in fact many of its fans have never touched a fishing pole. “You can throw it on with anything.”;13;21
The Wall Street Journal;@WSJ;2021-12-26T01:30:06.000Z;How People Can Make Smarter—and Healthier—Social-Media Choices Is the problem us or the platforms? Brian Primack, a professor of public health and medicine, says it’s both.;7;33
The Wall Street Journal;@WSJ;2021-12-26T01:00:14.000Z;American Workers Are Burned Out, and Bosses Are Struggling to Respond Workplace stress is rampant and resignations have risen. Employers are struggling to stop employees from leaving and to boost morale. Some are trying four-day workweeks, mandatory vacation days and...;26;84
The Wall Street Journal;@WSJ;2021-12-26T00:45:04.000Z;Time Capsule from 1880s Preserved Under a Robert E. Lee Statue Held Surprises The handful of items preserved in a pedestal where a statue of Confederate Gen. Robert E. Lee once stood in Richmond, Va., weren’t what historical preservationists were expecting;9;18
The Wall Street Journal;@WSJ;2021-12-26T00:30:00.000Z;A Grammy-nominated musician got a bright red truck to bring him back to his childhood feeling of looking under the tree #WSJWhatsNow;4;11
The Wall Street Journal;@WSJ;2021-12-26T00:15:02.000Z;What’s After Omicron? How Scientists Hunt for New Coronavirus Variants Scientists are using automation, real-time analysis and pooling data from around the world to rapidly identify and understand new coronavirus variants before th;13;31
The Wall Street Journal;@WSJ;2021-12-25T21:00:04.000Z;Bitcoin’s ‘One Percent’ Controls Lion’s Share of the Cryptocurrency’s Wealth New research shows that just 0.01% of bitcoin holders controls 27% of the currency in circulation.;21;34
The Wall Street Journal;@WSJ;2021-12-25T20:45:05.000Z;The NFL Scaled Back Its Covid Testing. Omicron Keeps Turning Up Anyway. Record positives keep pouring in even after the league stopped weekly testing of asymptomatic, vaccinated players in a clear sign of just how rapidly the virus is spreading through locker rooms.;17;26
The Wall Street Journal;@WSJ;2021-12-25T20:30:11.000Z;Everybody Now Wants Supply Chains to Be ‘Resilient.’ It Won’t Be Easy—or Likely. Despite the current turmoil, memories will fade, and economics will trump concerns about national vulnerabilities.;9;28
The Wall Street Journal;@WSJ;2021-12-25T20:00:22.000Z;Kayak CEO Steve Hafner Sets Two Miami Condo Records On the Same Day Mr. Hafner traded up from L’Atelier Miami Beach to Palazzo Della Luna on Fisher Island;11;15
The Wall Street Journal;@WSJ;2021-12-25T19:30:05.000Z;Sera Gamble, the Co-Creator of ‘You,’ on Where the TV Business Goes From Here Among the predictions: More global shows, the algorithm as boss, scared Suits and content overload.;5;11
The Wall Street Journal;@WSJ;2021-12-25T19:15:03.000Z;How Contagious Is Omicron? What Does That Mean for You? Scientists studying the Covid-19 variant are homing in on how quickly it spreads.;19;29
The Wall Street Journal;@WSJ;2021-12-25T19:00:14.000Z;Men’s Earrings: Why Even Lawyers and Accountants Are Embracing Studs and Hoops As seen on celebs like Harry Styles and Evan Mock, men’s earrings have become increasingly accepted in the past year.;96;42
The Wall Street Journal;@WSJ;2021-12-25T15:45:09.000Z;New Local Laws Aim to Stop Rising Evictions States and cities are proposing more bills now that the federal eviction ban is over.;39;27
The Wall Street Journal;@WSJ;2021-12-25T15:30:13.000Z;How Covid-19 Has Affected Dating, Marriages and Relationships For most couples, the challenges of Covid have strengthened their relationships, while driving singles to find meaningful ones.;21;23
The Wall Street Journal;@WSJ;2021-12-25T15:00:04.000Z;The College Football Playoff’s Extra Variable: Omicron The four playoff teams—Alabama, Cincinnati, Georgia and Michigan—must first defeat the virus before they play each other;14;6
The Wall Street Journal;@WSJ;2021-12-25T14:44:04.000Z;Latin America Is Now a World Leader in Vaccinations Once a hot spot of Covid-19 deaths, the region now leads much of the world in vaccinations, as health policy makers rush to shield their countries from new variants roiling other places.;23;42
The Wall Street Journal;@WSJ;2021-12-25T14:30:06.000Z;A History of Christmas at the White House, in Photos Over the years, the holiday tradition has grown into a public celebration;11;19
The Wall Street Journal;@WSJ;2021-12-25T14:15:07.000Z;Omicron Surge Complicates Crew Changes in Busy Cargo Ports Only a quarter of seafarers are vaccinated, which constrains the movement of crews on and off ships as countries erect new barriers to travel.;22;38
The Wall Street Journal;@WSJ;2021-12-25T14:01:17.000Z;How the Carpenters’ 1970s Christmas Song Became an Ageless Hit “Merry Christmas Darling” is a holiday classic that began with a broken heart in 1946 and topped the charts multiple times in the 1970s.;15;13
The Wall Street Journal;@WSJ;2021-12-25T06:15:05.000Z;Biden’s Child-Poverty Progress Isn’t Real Inflation ate up much of the income gains, which came with greater dependency.;213;229
The Wall Street Journal;@WSJ;2021-12-25T06:00:11.000Z;A Rich Friend’s Awkward Invitation A behavioral economist answers questions about accepting lavish hospitality and work emails received at odd hours;9;11
The Wall Street Journal;@WSJ;2021-12-25T05:30:04.000Z;When Teens Question Their Gender, Social Media Can Provide Support—and Pressure Teens exploring gender and sexual identity often seek safe spaces on platforms such as Discord, but some walk away feeling more confused.;35;24
The Wall Street Journal;@WSJ;2021-12-25T05:00:08.000Z;That Big Office Building? It’s an E-Commerce Warehouse Now. More companies are making remote work permanent, forcing developers to convert old office buildings into warehouses, apartments and other uses.;5;21
The Wall Street Journal;@WSJ;2021-12-25T04:30:07.000Z;Covid-19 Vaccine Issues Create ‘General Hospital’ Drama and Increased Costs on Movie Sets Soap opera characters portrayed by vaccine skeptics are being killed off or shipped away, crews are being reprimanded or reassigned, and some A-list stars are refusing to work with colleagues who...;7;28
The Wall Street Journal;@WSJ;2021-12-25T04:00:18.000Z;‘Mothers’: Creating a Future Pedro Almodóvar’s film is about two expectant mothers—one happily so, the other not.;;14
The Wall Street Journal;@WSJ;2021-12-25T03:45:06.000Z;Boy Scouts Insurer Chubb to Pay $800 Million in Sex-Abuse Compensation Deal An agreement with Chubb’s Century Indemnity would add to the funding available for sex-abuse victims under the Boy Scouts’ chapter 11 restructuring plan.;10;45
The Wall Street Journal;@WSJ;2021-12-25T00:15:18.000Z;Bring Back ‘Regular Order’ First, our elected leaders have to commit to getting things done for their country and constituents.;65;40
The Wall Street Journal;@WSJ;2021-12-25T00:00:17.000Z;Hospital Prices Are Unpredictable. One Type of Coverage Often Gets the Worst Rates. Hospitals’ highest rates often go to rental networks of healthcare providers that are sometimes used in limited-benefits plans, according to a Wall Street Journal analysis. The combination can leave...;5;22
The Wall Street Journal;@WSJ;2021-12-24T23:45:09.000Z;The Spice Every Cook Needs When Short on Time Long hours over oak fires imbue Spanish pimentón with profound sultry depths. In all kinds of recipes, this potent spice provides a handy shortcut to slow-cooked flavor.;4;9
The Wall Street Journal;@WSJ;2021-12-24T23:30:00.000Z;Elon Musk unloaded more Tesla stock on Wednesday, bringing the total value of his share sales to over $15 billion since he embarked on a selling spree last month #WSJWhatsNow 1:;8;28
The Wall Street Journal;@WSJ;2021-12-24T23:00:15.000Z;Where Will SPACs Be in Five Years? We posed that question to six experts. The consensus: They will still be around, but different.;5;11
The Wall Street Journal;@WSJ;2021-12-24T22:45:06.000Z;Buy, Borrow, Die: How Rich Americans Live Off Their Paper Wealth The wealthy are borrowing more than ever, using low-interest loans backed by their investments in a strategy known as “buy, borrow, die.”;8;37
The Wall Street Journal;@WSJ;2021-12-24T19:33:56.000Z;What to Do if Your Flight Is Canceled A series of issues have forced some airlines to cancel flights. Here’s how to cope if you are affected.;5;10
The Wall Street Journal;@WSJ;2021-12-24T19:19:02.000Z;The Category: Who Is Vying to Replace Alex Trebek as ‘Jeopardy!’ Host No need to buzz. Just enter your answers and see how well you kept up with the 2021 quiz-show soap opera.;4;4
The Wall Street Journal;@WSJ;2021-12-24T19:00:04.000Z;The Truth About Cats and Dogs During the Pandemic? Not What You Think. Adoptions of the pets from shelters and rescues actually fell in 2020. And it looks like the number fell again this year.;5;9
The Wall Street Journal;@WSJ;2021-12-24T18:30:12.000Z;30 Luxe Gifts You Can Still Overnight For a gift that looks like you moved heaven and earth—but actually overnighted in one click or call. The work-smart-not-hard gift guide;2;10
The Wall Street Journal;@WSJ;2021-12-24T18:15:03.000Z;Florida’s Plague Is the Media’s Cold Covid is suddenly funny and cool now that all the right people are getting it.;43;72
The Wall Street Journal;@WSJ;2021-12-24T18:00:14.000Z;Hayley Mills Avoided Her Own ‘Parent Trap’ by Reading in Trees The Disney actress and memoirist started in films at 12, when she was spotted mimicking TV ads at her family’s farm;3;12
The Wall Street Journal;@WSJ;2021-12-24T17:45:06.000Z;AstraZeneca’s Vaccine, Dumped by the West, Helps Fill Gaping Need in Rest of World The Covid-19 shot, beset by early production problems and rare side effects, has been a workhorse for lower-income countries.;14;27
The Wall Street Journal;@WSJ;2021-12-24T17:30:00.000Z;Elon Musk unloaded more Tesla stock on Wednesday, bringing the total value of his share sales to over $15 billion since he embarked on a selling spree last month #WSJWhatsNow;19;33
The Wall Street Journal;@WSJ;2021-12-24T14:00:03.000Z;After years of investment in China, luxury brands such as Prada are targeting parts of the U.S. seeing emerging pockets of wealth #WSJWhatsNow;7;20
The Wall Street Journal;@WSJ;2021-12-24T13:45:06.000Z;As Covid-19’s Omicron Bears Down, Schools Seek Ways to Stay Open School officials are analyzing constantly evolving data to help them determine whether they can safely reopen after the holiday break.;13;23
The Wall Street Journal;@WSJ;2021-12-24T13:15:10.000Z;Robinhood Gets Robbed in Heard’s Annual Stock-Picking Contest Heard on the Street columnists bet against retail brokerage Robinhood Markets in more ways than one this year.;6;11
The Wall Street Journal;@WSJ;2021-12-24T13:05:00.000Z;United Airlines and Delta Air Lines are canceling dozens of flights over the holiday weekend amid a surge of Omicron cases #WSJWhatsNow;13;39
The Wall Street Journal;@WSJ;2021-12-24T12:30:02.000Z;U.S. Airlines Cancel Flights as Omicron Disruptions Grow The disruption caused by the highly transmissible Omicron variant is spreading, but the signs are mounting that the disease caused by Omicron is milder than previous strains.;14;38
The Wall Street Journal;@WSJ;2021-12-24T08:45:04.000Z;Two Years Into Covid-19 Pandemic, Elderly Italians Again Face Christmas Alone As Italy is fighting to slow down the Omicron variant, many nursing homes have restricted or suspended family visits during the Christmas holidays, putting a strain on families.;16;33
The Wall Street Journal;@WSJ;2021-12-24T08:30:06.000Z;How Covid-19 Has Migrated Across America With the pandemic approaching the two-year mark, the season appears to play a role in where the virus strikes.;7;19
The Wall Street Journal;@WSJ;2021-12-24T08:00:13.000Z;Do They Know It’s Christmas Time in Saudi Arabia? Increasingly, Yes In a kingdom that has long banned the public practice of religions other than Islam, holiday sales are testing the limits of new social openness;9;61
The Wall Street Journal;@WSJ;2021-12-24T07:30:04.000Z;The Power and Popularity of Christmas Love Stories From Victorian Britain to the Hallmark Channel, tales of romance set at Christmastime have been a staple of the season.;7;20
The Wall Street Journal;@WSJ;2021-12-24T06:30:05.000Z;Omicron Surge Complicates Challenge of Unruly Airline Passengers This Holiday Travel Season Refusing to wear face masks has been a common offense in air travelers’ historically bad behavior this year.;13;19
The Wall Street Journal;@WSJ;2021-12-24T06:15:05.000Z;At My Orphanage, a Merry Christmas That Would Astonish Dickens With a star-topped tree, carols, feasts and presents, my buddies and I didn’t miss out on anything.;7;14
The Wall Street Journal;@WSJ;2021-12-24T06:00:06.000Z;U.N. Plans $8 Billion Fund to Restart Afghanistan’s Economy The plan would move beyond a purely humanitarian mission to rebuilding governing systems and social services.;18;15
The Wall Street Journal;@WSJ;2021-12-24T02:15:03.000Z;As Omicron Drives New U.S. Covid-19 Case Records, More U.K. Evidence Suggests It Is Milder More mandates and curbs are being put in place in the U.S. and Europe, but American holiday air travel is nearly double that of last year.;18;18
The Wall Street Journal;@WSJ;2021-12-24T02:00:17.000Z;Since Covid, Hawaii Home Sales Over $10 Million Have Grown Sixfold Jeff Bezos, Mark Zuckerberg and other wealthy buyers are pouring money into Hawaii real estate;8;44
The Wall Street Journal;@WSJ;2021-12-24T01:45:05.000Z;U.S. Will Waive In-Person Interviews for H-1B, Other Work Visas The State Department is seeking to ease the issuance of several types of visas that have been backlogged during the Covid-19 pandemic.;6;34
The Wall Street Journal;@WSJ;2021-12-24T01:30:09.000Z;Saudis Begin Making Ballistic Missiles With Chinese Help The effort is the latest in a series of moves by U.S. allies in the Middle East to increase military cooperation with China, a trend that has angered the Biden administration during a period of...;28;83
The Wall Street Journal;@WSJ;2021-12-24T01:15:01.000Z;Crypto.com Will Run Its First Super Bowl Ad Amid Marketing Blitz Singapore-based cryptocurrency platform Crypto.com will run its first Super Bowl commercial in February as it seeks to become a household name.;19;18
The Wall Street Journal;@WSJ;2021-12-24T00:45:08.000Z;Tiffany’s New French Owner Brings a Makeover—and a Culture Clash LVMH aims to heighten the jeweler’s allure to elites abroad while preserving what makes it popular in America. Discontent in the ranks.;16;38
The Wall Street Journal;@WSJ;2021-12-24T00:30:05.000Z;Intel Apologizes After Asking Suppliers to Avoid China’s Xinjiang Region The chip maker said a letter it had sent to global suppliers was written only to comply with U.S. law and didn’t represent Intel’s stance on the region, where the Chinese government has conducted a...;18;32
The Wall Street Journal;@WSJ;2021-12-24T00:15:07.000Z;Complete and Total Trump Campaign! The former president’s obsession with the 2020 election may lead to GOP losses in the next two.;74;39
The Wall Street Journal;@WSJ;2021-12-23T21:15:06.000Z;It’s Time for the Fed to Go Old School No fancy stuff. Raise rates via open-market operations that reduce the size of the balance sheet.;6;21
The Wall Street Journal;@WSJ;2021-12-23T20:45:08.000Z;Tesla to Restrict In-Car Gaming Following Federal Probe The feature that allowed people, including the driver, to play games on a touch screen with the vehicle in motion.;13;24
The Wall Street Journal;@WSJ;2021-12-23T20:15:08.000Z;Virtual Guns in Videogames Could Soon Be Worth Real Money Game makers are increasingly are selling virtual weapons, clothing and other gear as NFTs, a move that is pushing the trendy digital deeds into more households but also upsetting some players.;17;14
The Wall Street Journal;@WSJ;2021-12-23T20:00:00.000Z;James Webb, the world’s largest and most powerful telescope, may expose the cosmos in a way we have never seen before #WSJWhatsNow 1:;10;23
The Wall Street Journal;@WSJ;2021-12-23T19:47:09.000Z;Kim Potter Found Guilty of First and Second Degree Manslaughter in Shooting of Daunte Wright Former police officer could face up to 15 years in prison for first degree manslaughter stemming from fatal shooting of a Black motorist in April in Minneapolis suburb.;184;576
The Wall Street Journal;@WSJ;2021-12-23T19:30:10.000Z;Amazon Reaches Federal Settlement Allowing Workers More Leeway to Organize The agreement with the National Labor Relations Board comes as some Amazon workers in some areas push for unionization.;2;16
The Wall Street Journal;@WSJ;2021-12-23T19:16:55.000Z;Trump Asks Supreme Court to Shield Documents from House Panel on Jan. 6 Former president requests emergency order stopping Biden administration from handing over White House records from around time of Capitol riot by his supporters.;21;23
The Wall Street Journal;@WSJ;2021-12-23T19:00:06.000Z;Biden’s Holiday Troubles Multiply as Omicron Spreads, Agenda Stalls The White House touts President Biden’s first-year accomplishments, saying he took office amid multiple crises. But with his agenda stalled, Omicron spreading and Russia threatening Ukraine, the...;46;30
The Wall Street Journal;@WSJ;2021-12-23T16:08:08.000Z;Judges Held Off Congress’s Efforts to Impose Ethics Rules—Until Now Bills to make it easier for the public to learn about court actions and conflicts of interest are on the move following years of resistance by the judiciary.;13;39
The Wall Street Journal;@WSJ;2021-12-23T15:30:14.000Z;Unions, States and Parents Fight Over New Laws on History Lessons, Books Teachers fret as hundreds of books are pulled from school libraries, and the country’s largest teachers union pledges to challenge every new law.;19;26
The Wall Street Journal;@WSJ;2021-12-23T15:15:04.000Z;The Strategic Case for Risking War in Ukraine An invasion would be a diplomatic, economic and military mistake for Putin. Let him make it if he must.;15;37
The Wall Street Journal;@WSJ;2021-12-23T15:15:00.000Z;TikTok became the world’s most visited site in 2021, even surpassing Google, new research shows #WSJWhatsNow 0:;9;51
The Wall Street Journal;@WSJ;2021-12-23T14:57:23.000Z;FDA Authorizes Merck’s Covid-19 Pill for At-Home Treatment Many adults at high risk of severe disease could take the easy-to-use therapy to avoid hospitalization. It was found to be less effective than a just-approved drug by Pfizer in reducing the risk of...;16;43
The Wall Street Journal;@WSJ;2021-12-23T14:30:08.000Z;Covid-19 Marches Toward Endemic Status in U.S. as Omicron Spreads With a new wave rising, people and institutions are making decisions that reflect changing attitudes toward the threat that Covid-19 represents.;10;10
The Wall Street Journal;@WSJ;2021-12-23T09:30:07.000Z;Tencent Slashes JD.com Stake With $16 Billion Dividend to Shareholders The Chinese social-media giant was the largest backer of online retailer JD as part of its gamble on e-commerce.;8;31
The Wall Street Journal;@WSJ;2021-12-23T08:30:09.000Z;Alibaba Employee First Spotted Log4j Software Flaw but Now the Company Is in Hot Water With Beijing The technology ministry suspended work with Alibaba Cloud for six months over what it said was untimely reporting of the Log4j2 software flaw, which is affecting businesses and governments world-wide.;13;15
The Wall Street Journal;@WSJ;2021-12-23T08:00:03.000Z;Citigroup Continues Consumer-Banking Pullback With Philippine Sale Citigroup agreed to sell its consumer-banking business in the Philippines to a local lender, pressing ahead with its strategy to exit most of its retail operations in Asia and switch gears to grow in...;10;14
The Wall Street Journal;@WSJ;2021-12-23T07:30:05.000Z;As the Pandemic Hit, This Young London Couple Renovated a ‘Complete Shell’ of an Apartment The project transformed the 1,991-foot-space into a chic two-bedroom built for their work-from-home lifestyle;9;14
The Wall Street Journal;@WSJ;2021-12-23T07:00:10.000Z;Run, Ms. Ocasio-Cortez, Run She says the Senate is ‘undemocratic,’ so challenge Schumer.;78;44
The Wall Street Journal;@WSJ;2021-12-23T06:30:09.000Z;Self Storage Is the Pandemic’s Hot Property Americans are paying more than ever to stash their extra stuff and filling space rapidly, lifting storage stocks.;15;31
The Wall Street Journal;@WSJ;2021-12-23T02:30:04.000Z;To Limit Omicron, Singapore Freezes Ticket Sales for Quarantine-Free Travel The move is the first significant reversal of a gradual travel reopening that had expanded to about two dozen countries.;13;63
The Wall Street Journal;@WSJ;2021-12-23T02:15:06.000Z;Is It Time to Get Rid of the QR Code Menu? A Debate We asked diners and industry experts to face off on whether virtual versions of the dining-out staple should be here to stay.;32;29
The Wall Street Journal;@WSJ;2021-12-23T02:00:18.000Z;Business Books of 2021: 11 Picks From Our Reviewers Tales of inventors, investors and innovators made for great reading this year.;4;10
The Wall Street Journal;@WSJ;2021-12-23T01:45:03.000Z;Biden Says He Is More Likely to Run in 2024 if Trump Is His Opponent In a rare television interview, the president also says he regretted not acting sooner to get free at-home Covid-19 tests to the public.;283;149
The Wall Street Journal;@WSJ;2021-12-23T01:45:03.000Z;The Covid War of Attrition That Could Decide College Football’s National Title College Football Playoff organizers revealed a Plan B in case Omicron ravages rosters. Meanwhile, Texas A&M dropped out of the Gator Bowl.;3;11
The Wall Street Journal;@WSJ;2021-12-23T01:30:07.000Z;Some Fresh Express Salads Recalled Over Listeria Concerns Fresh Express and federal officials say some prepackaged salads could be contaminated with harmful bacteria.;18;30
The Wall Street Journal;@WSJ;2021-12-22T22:40:04.000Z;Battery Storage Soars on U.S. Electric Grid Falling costs and green mandates are boosting demand for batteries capable of storing large amounts of wind and solar power for later use.;8;23
The Wall Street Journal;@WSJ;2021-12-22T22:30:16.000Z;Thefts of Covid-19 Relief Funds Total at Least $100 Billion, Secret Service Says Unemployment-insurance programs are among the pandemic-benefits targets for fraudsters and organized crime, the agency says.;65;159
The Wall Street Journal;@WSJ;2021-12-22T22:15:06.000Z;TikTok Was the Internet’s Most Visited Site in 2021, Even Beating Google New research shows video-sharing app first topped the charts in February and has generally stayed No. 1 since August, according to Cloudflare.;19;72
The Wall Street Journal;@WSJ;2021-12-22T22:00:03.000Z;Jan. 6 Panel Seeks Meeting With GOP Rep. Jim Jordan Ohio lawmaker is the second Republican House member known to have been contacted for testimony or documents by the committee.;20;19
The Wall Street Journal;@WSJ;2021-12-22T21:45:10.000Z;Michigan AG’s Office Says It Is Close to Bringing Criminal Charges in Boy Scouts Sex-Abuse Probe The office opened a probe after the Boy Scouts of America was pushed into bankruptcy and abuse allegations came to light.;5;24
The Wall Street Journal;@WSJ;2021-12-22T21:30:19.000Z;The Dangerous Push to Give Boosters to Teens FDA and CDC experts said the plan was ill-advised, so the agencies cut them out of the decision process.;21;38
The Wall Street Journal;@WSJ;2021-12-22T18:20:08.000Z;Biden Extends Student Loan Payment Pause Another 90 Days The pause on student loan payments, which had been scheduled to expire at the end of January, will now extend to May 1.;33;99
The Wall Street Journal;@WSJ;2021-12-22T18:15:06.000Z;Biden Tests Negative for Covid-19 After Close Contact With Staffer Who Contracted Virus President Biden tested negative for Covid-19 on Wednesday, the White House said, after he came into close contact with a midlevel staffer who contracted the virus.;17;16
The Wall Street Journal;@WSJ;2021-12-22T18:00:10.000Z;U.S. Consumer Confidence Improved in Early December as Inflation, Pandemic Fears Eased A monthly survey found that consumers’ concerns about inflation declined as did concerns about Covid-19, but it may not fully reflect the recent rise in cases driven by the Omicron variant.;7;10
The Wall Street Journal;@WSJ;2021-12-22T17:20:57.000Z;Pfizer’s Covid-19 Pill Authorized in U.S. The FDA cleared use of Pfizer’s Paxlovid pill, the first Covid-19 drug that newly infected patients can now take at home to stay out of the hospital.;26;149
The Wall Street Journal;@WSJ;2021-12-22T17:13:34.000Z;Hospitalization Risk From Omicron Lower Than Delta, New Studies Suggest A new study from Scotland suggests the risk of hospitalization with Omicron is two-thirds lower than with Delta, but scientists caution the speed at which the new variant spreads still poses a threat...;20;89
The Wall Street Journal;@WSJ;2021-12-22T14:31:10.000Z;Amazon Web Services Suffers Another Outage Amazon Web Services said it was investigating connectivity issues for some servers in the region that covers cities including Boston, Houston and Chicago.;5;34
The Wall Street Journal;@WSJ;2021-12-22T14:15:02.000Z;In Louisville, Hub of E-Commerce, Businesses Duel for Workers The Kentucky city has emerged as one of the nation’s tightest labor markets, largely due to UPS’s Worldport shipping hub, where workers are getting paid more and working longer hours than before the...;7;24
The Wall Street Journal;@WSJ;2021-12-22T13:58:33.000Z;Aging Germany Is Running Out of Workers, Putting Europe’s Largest Economy at Risk Economists forecast that Germany’s workforce could peak as soon as 2023 and then shrink by up to five million people by the end of the decade, raising pressure on its pension system and pushing...;8;27
The Wall Street Journal;@WSJ;2021-12-22T13:45:21.000Z;The Olympics Are Coming to China. So Is Omicron. Beijing organizers are suddenly facing the challenge of a new variant—and the Winter Games are only six weeks away.;25;24
The Wall Street Journal;@WSJ;2021-12-22T13:27:04.000Z;How Webb Telescope Is to Unfold in NASA’s Most Complex Spacecraft Plan All needs to go right, or the strongest telescope to be sent into space risks becoming $10 billion of debris.;16;30
The Wall Street Journal;@WSJ;2021-12-22T13:15:16.000Z;A Seafaring Nun Navigates the Male World of the Vatican Pope Francis has appointed several women to Vatican leadership positions that were previously held only by men, gradually recalibrating the leadership of the institution. The policy is part of the...;14;28
The Wall Street Journal;@WSJ;2021-12-22T13:10:00.000Z;Almost two years into the pandemic that left millions doing their jobs from home, American workers say they are burned out, and employers are struggling to respond #WSJWhatsNow;36;124
The Wall Street Journal;@WSJ;2021-12-22T07:30:11.000Z;Broadway Hits ‘Hamilton,’ ‘Lion King’ Among Shows to Halt as Covid-19 Cases Rise City, state and theater officials say there are no plans for a mandated shutdown.;12;23
The Wall Street Journal;@WSJ;2021-12-22T07:00:16.000Z;The Supreme Court’s Covid Vaccine Test Justices have to decide if they want to let OSHA rewrite the law.;12;16
The Wall Street Journal;@WSJ;2021-12-22T06:30:05.000Z;CES 2022: Tech Show Faces Dilemma as Covid Cases Rise and Companies Stay Home The giant tech show is scheduled for the first week of January, with vaccine and mask requirements. Yet as Omicron surges, some participants are withdrawing.;3;17
The Wall Street Journal;@WSJ;2021-12-22T04:45:02.000Z;Dubai Ruler Ordered to Pay More Than $728 Million in Divorce Settlement The rare case pulled back the curtain on the luxurious lifestyle of one of the world’s richest families.;10;40
The Wall Street Journal;@WSJ;2021-12-22T04:30:07.000Z;With Omicron Cases Surging, Here’s How and When to Test for Covid-19 It is essential to have smart strategies for Covid-19 testing right now;11;15
The Wall Street Journal;@WSJ;2021-12-22T00:45:05.000Z;The Man in the Middle of the Fight Over Jan. 6 - The Journal. - WSJ Podcasts Lawmakers investigating the Jan. 6 attack on the Capitol believe former chief of staff Mark Meadows holds critical knowledge about how the Trump administration responded that day. But Meadows, like...;11;8
The Wall Street Journal;@WSJ;2021-12-22T00:30:13.000Z;The Pet-Food Shortage Is Real, and Owners Are Scrambling. ‘It’s Been a Waking Nightmare’ Your dog wants chicken and rice flavor but has to make do with dry kibble, because import and production holdups have hit dog food and cat food just like human food. ‘He looks at me with these sad...;19;16
The Wall Street Journal;@WSJ;2021-12-22T00:15:02.000Z;An Ordinary Joe’s Christmas Even in death, a homeless man brings out the better angels in his friends.;5;3
The Wall Street Journal;@WSJ;2021-12-22T00:00:16.000Z;Long Covid Patients Report Vibrations, Tremors: ‘My Body Is Moving Inside, It’s Jolting’ Some Covid-19 patients continue to experience symptoms such as buzzing sensations and shaking months after their initial diagnosis. Their cases are gaining more attention among long Covid advocates...;14;28
The Wall Street Journal;@WSJ;2021-12-21T23:50:05.000Z;Airlines Prepare for Busy Travel Week Despite Omicron Surge The rapid spread of the variant is looming over holiday travel, but airports are getting busier as travelers try to stick to plans to see friends and family over the holidays.;13;20
The Wall Street Journal;@WSJ;2021-12-21T23:40:10.000Z;Prominent Harvard Professor Found Guilty of Lying About China Ties Nanoscientist Charles Lieber was convicted on six counts related to payments from China.;30;201
The Wall Street Journal;@WSJ;2021-12-21T21:08:02.000Z;Stocks Rise, Recouping Some Losses After Selloff U.S. stocks resumed the see-saw action that has become the signature of markets since the emergence of the Omicron Covid-19 variant. European and Asian shares and oil prices also gained.;5;10
The Wall Street Journal;@WSJ;2021-12-21T20:15:09.000Z;P&G Recalls Some Pantene, Aussie, Herbal Essences Dry Shampoos The voluntary recall, linked to benzene detected in aerosol propellant, also affects dry conditioners.;6;32
The Wall Street Journal;@WSJ;2021-12-21T20:00:07.000Z;Florida Home Asking $60 Million Aims to Set a Record In Delray Beach, the oceanfront house spans a roughly 26,000-square-foot beachfront house;6;13
The Wall Street Journal;@WSJ;2021-12-21T19:45:06.000Z;New Micron Still Grapples With Old Image The memory-chip maker’s cycles have become less painful, but its stock remains heavily discounted.;7;10
The Wall Street Journal;@WSJ;2021-12-21T19:30:11.000Z;General Mills Says Prices to Climb Next Year The food maker said further price increases will take effect in January in response to rising costs and significant supply-chain challenges;16;30
The Wall Street Journal;@WSJ;2021-12-21T16:16:00.000Z;Turkey’s currency shot up on Tuesday after a monthslong collapse, following President Recep Tayyip Erdogan’s announcement of a rescue plan to boost appetite for the lira #WSJWhatsNow;10;26
The Wall Street Journal;@WSJ;2021-12-21T15:45:06.000Z;Israel Bets Travel Restrictions Will Buy It Time to Fight Omicron As the Omicron variant spreads quickly across the world, Israel has leaned more heavily than other countries on shutting down its borders to international travel.;16;20
The Wall Street Journal;@WSJ;2021-12-21T15:30:02.000Z;Unruly Passengers Will Lose TSA PreCheck, Officials Say Airplane passengers who act up during flights could be removed from the trusted-traveler program, the Federal Aviation Administration and the Transportation Security Administration said Tuesday.;11;18
The Wall Street Journal;@WSJ;2021-12-21T15:15:07.000Z;Biden Emerges as Progressive Government’s Mr. Bad Example A bit of humility about what Washington could achieve would have served the president well.;84;92
The Wall Street Journal;@WSJ;2021-12-21T15:02:16.000Z;Covid-19 Pandemic Drives U.S. Population Growth to Record Low The number of U.S. residents grew by just 0.1% for the 12 months ended July 1.;15;27
The Wall Street Journal;@WSJ;2021-12-21T14:45:07.000Z;Apartment Owners ‘Golden Age’ Primed to Continue in 2022 Rents are rising at record rates, and investors are spending more to snap up apartment buildings.;4;28
The Wall Street Journal;@WSJ;2021-12-21T10:15:03.000Z;Biden Administration to Distribute 500 Million At-Home Covid-19 Test Kits The Biden administration will distribute 500 million free at-home Covid-19 testing kits to Americans and take steps to deploy federal medical personnel to overburdened hospitals this winter, as the...;28;44
The Wall Street Journal;@WSJ;2021-12-21T10:00:10.000Z;Winter Solstice 2021: When It Is and How It Is Observed The Northern Hemisphere will experience its shortest day and longest night of the year on Tuesday, as the sun reaches its most southerly point in the sky;4;19
The Wall Street Journal;@WSJ;2021-12-21T09:00:07.000Z;Super-Wide JNCO Jeans—a Polarizing ’90s Trend—Are Back Millennials and Gen-Z’ers are snatching up gigantic JNCO jeans, drawn to their curious width and pre-Y2K cool factor.;13;42
The Wall Street Journal;@WSJ;2021-12-21T08:00:12.000Z;Omicron Surge Is Just Starting and America’s Pharmacists Are Already Burned Out Working conditions are deteriorating at big chain pharmacies including CVS, Walgreens and Rite Aid, which are central to the country’s pandemic testing and vaccination efforts, according to dozens of...;14;25
The Wall Street Journal;@WSJ;2021-12-21T06:30:05.000Z;High Inflation Needs a Policy Solution It will persist until politicians stop stimulating the economy and the Fed starts raising rates.;9;16
The Wall Street Journal;@WSJ;2021-12-21T02:15:07.000Z;Nike’s Supply Crunch Stunts Growth Again The sneaker giant’s quarterly revenue edged higher but declined in China, Asia Pacific and Latin America as factory closures cut into inventory.;14;16
The Wall Street Journal;@WSJ;2021-12-21T01:30:10.000Z;NYU Is Top-Ranked—In Loans That Alumni and Parents Struggle to Repay By many measures, the elite Manhattan school is the worst or among the worst for families and graduate students drowning in debt. “It feels like I’m kind of trapped,” says a grad who has sold her...;51;59
The Wall Street Journal;@WSJ;2021-12-21T01:15:03.000Z;Omicron Tracking in U.S. Is Hindered by Data Gaps The reduction in daily data reporting, among other issues, can make real-time Covid-19 information and trends harder to determine.;15;19
The Wall Street Journal;@WSJ;2021-12-21T00:45:01.000Z;Omicron Variant Accounts for 73% of U.S. Covid-19 Cases, CDC Says The Omicron variant caused more than 70% of recent Covid-19 cases in the U.S., the Centers for Disease Control and Prevention said.;20;25
The Wall Street Journal;@WSJ;2021-12-21T00:30:06.000Z;We’re Cursing More. Blame the #%$ Pandemic. Stress, the erosion of boundaries between personal and professional, and an exhausted slide toward casualness have created a perfect storm for swearing.;25;63
The Wall Street Journal;@WSJ;2021-12-20T21:15:07.000Z;Omicron Fears, Rising Covid-19 Cases Interrupt New York City For some New Yorkers, a recent rise in cases feels reminiscent of March 2020. But parts of the city remain vibrant and busy.;32;22
The Wall Street Journal;@WSJ;2021-12-20T21:00:15.000Z;The Fickle ‘Science’ of Lockdowns Experts foresaw before Covid that the strategy would fail. The authorities embraced it anyway.;14;38
The Wall Street Journal;@WSJ;2021-12-20T20:45:02.000Z;Companies Get Covid-19 Vaccine Mandate Reprieve as Legal Battle Continues After a favorable court ruling, Biden administration is giving private-sector employers a one-month extension before they must comply with the new vaccine requirements.;6;15
The Wall Street Journal;@WSJ;2021-12-20T20:30:05.000Z;Senate Confirms Biden Nominee for U.S. Counterterrorism Finance Chief Elizabeth Rosenberg, whose nomination was confirmed through a voice vote, currently serves as a counselor to the deputy Treasury secretary.;20;26
The Wall Street Journal;@WSJ;2021-12-20T20:15:02.000Z;Donald Trump Says He Got Covid-19 Vaccine Booster Shot The former president had previously said he wasn’t likely to get the additional vaccine dose.;55;68
The Wall Street Journal;@WSJ;2021-12-20T20:00:14.000Z;Egyptian Court Sentences Three Activists Despite International Pressure The political dissident Alaa Abdel-Fattah and two others were sent to prison on charges of joining a terrorist group and spreading false news;7;10
The Wall Street Journal;@WSJ;2021-12-20T19:45:05.000Z;‘The Worst 72 Hours’: How the NFL Navigated a Covid Minefield An unprecedented number of cases with predominantly asymptomatic players sparked tension and prompted the league to rethink its pandemic strategy.;11;23
The Wall Street Journal;@WSJ;2021-12-20T16:15:07.000Z;Manchin Rejected Biden Bill Over Inflation, Debt Concerns. How Founded Are Those Worries? Rising prices are prompting renewed questions about the extent to which President Biden’s proposal would exacerbate elevated inflation.;31;27
The Wall Street Journal;@WSJ;2021-12-20T15:45:09.000Z;Republican SEC Commissioner Roisman to Leave Agency Elad Roisman increasingly opposed the SEC chairman’s policy moves, including recent measures proposing changes to money-market mutual funds, corporations’ stock buybacks, and derivatives that are...;12;9
The Wall Street Journal;@WSJ;2021-12-20T15:30:16.000Z;Inside the South African Lab With the First Omicron Findings As the U.S. and other countries fight Omicron, scientists in South Africa are starting to get a clearer picture. WSJ visited a leading lab studying the coronavi;15;21
The Wall Street Journal;@WSJ;2021-12-20T15:15:03.000Z;Back to the Office in 2022 We crave contact with co-workers, but we’ve lost our tolerance for life’s inconveniences.;12;8
The Wall Street Journal;@WSJ;2021-12-20T15:00:16.000Z;How Inflation Has Changed Prices—and the Menu—at One Small Business Restaurant owner Judy Henry says she is juggling rising costs for everything from seafood to salaries. Shrimp has replaced scallops in one pasta dish, labor-intensive spring rolls are no longer...;13;16
The Wall Street Journal;@WSJ;2021-12-20T12:30:12.000Z;Biden’s China and Climate Goals Clash Over Solar Panels U.S. tariffs on imported solar panels are set to expire, and that has the Biden administration facing a tough decision between its goal of combating climate change and its desire to wrestle high-tech...;9;29
The Wall Street Journal;@WSJ;2021-12-20T12:20:06.000Z;Dow Falls 1.2% on New Covid-19 Curbs U.S. share benchmarks and oil prices declined as investors worried that a rise in Omicron Covid-19 cases would stall economic growth and add pressure to inflation.;12;26
The Wall Street Journal;@WSJ;2021-12-20T12:10:04.000Z;In Australia, It Isn’t Christmas Without the Beetles Swarms of iridescent insects used to mark the Southern Hemisphere season. Now they are becoming almost as scarce as snowflakes.;10;12
The Wall Street Journal;@WSJ;2021-12-20T12:06:06.000Z;“Spider-Man: No Way Home” opened to a record-setting $253 million at the box office this weekend, amid concerns the spread of the Omicron variant could slow moviegoing #WSJWhatsNow 0:;9;28
The Wall Street Journal;@WSJ;2021-12-20T11:30:08.000Z;Moderna Says Covid-19 Booster Dose Works Against Omicron Variant in Lab Tests A booster dose of Moderna’s Covid-19 vaccine showed signs of working well against the Omicron variant, with the latest lab results suggesting people who are boosted may have good protection against...;34;67
The Wall Street Journal;@WSJ;2021-12-20T11:20:08.000Z;Chinese EVs Want to Shock Global Markets Next Despite being the world’s largest auto market, China has never been a big car exporter globally. It seeks to change that in a more-electrified future.;13;20
The Wall Street Journal;@WSJ;2021-12-20T11:11:06.000Z;Chinese Tennis Star Peng Shuai Denies Making Sexual-Assault Accusations Chinese tennis star Peng Shuai denied accusing anyone of sexual assault, suggesting a global wave of concern for her safety and well-being was the result of misunderstandings.;17;40
The Wall Street Journal;@WSJ;2021-12-20T05:00:01.000Z;Ted Lasso’s Cultural References, Decrypted Arcane cultural references are sprinkled throughout the hot TV show. For those who didn’t catch them, or understand them, we’re here to help.;8;26
The Wall Street Journal;@WSJ;2021-12-20T04:45:04.000Z;Holiday Tipping Guide 2021: How Much to Give and When to Break From Tradition Finance and etiquette professionals say if you can afford to give more than you do usually, this is a year to do it.;20;26
The Wall Street Journal;@WSJ;2021-12-20T04:30:06.000Z;How to Tell the Boss You’re Burned Out (Without Derailing Your Career) Companies are lean, and employees have more work than ever. We’re more comfortable now talking about feeling overwhelmed, but remember: Share these feelings with your boss so you can ask for what you...;11;8
The Wall Street Journal;@WSJ;2021-12-20T04:15:05.000Z;Five Tips to Conquer Cold-Weather Workouts Take your exercise routine outdoors this winter to boost your mood and build endurance.;4;12
The Wall Street Journal;@WSJ;2021-12-20T00:00:02.000Z;A Tech To-Do List, if You’re the Family IT Department While you’re home for the holidays, sit your less tech-savvy family members down, have them take out their phones and run through these fixes and tweaks—to save them, and you, some headaches.;3;12
The Wall Street Journal;@WSJ;2021-12-19T23:45:06.000Z;Shipping and Logistics Costs Are Expected to Keep Rising in 2022 Companies are bracing for more steep increases in shipping and logistics prices next year after supply-chain costs soared in the scramble to move goods during the Covid-19 pandemic.;8;30
The Wall Street Journal;@WSJ;2021-12-19T23:30:08.000Z;Gabriel Boric Wins Chile’s Presidential Election at Age 35 The leftist and former student protest leader pledges to raise taxes and dismantle a private pension system in Latin America’s richest nation.;23;99
The Wall Street Journal;@WSJ;2021-12-19T23:15:03.000Z;Biden’s Climate Plans Thrown Into Doubt by Manchin’s Rejection of ‘Build Back Better’ Bill The $2 trillion legislation was seen as a key element of the president’s strategy to meet his emissions-reduction target.;88;82
The Wall Street Journal;@WSJ;2021-12-19T23:00:25.000Z;Hospitals Are Strained Even Before Omicron Hits Intensive care units in many cities are at or close to full capacity due to a combination of patients with serious non-Covid diseases and surges in Delta cases.;38;43
The Wall Street Journal;@WSJ;2021-12-19T22:45:03.000Z;Educators Inspired Amid Covid The $1 million STOP Award goes to a museum that became a school.;2;7
The Wall Street Journal;@WSJ;2021-12-19T22:30:06.000Z;For Day Laborers, Wages Are Booming and Jobs Are Plentiful Due to a worker shortage in a growing economy, day laborers are enjoying leverage they haven’t before known.;11;21
The Wall Street Journal;@WSJ;2021-12-19T19:15:03.000Z;Heating Your Home Is Expensive and Carbon Heavy. Will Heat Pumps Help? Consumers from Vermont to Louisiana are embracing the devices despite the fact that buying and installing them costs an average $5,000—around double that of furnaces that run on oil or gas—and in...;9;10
The Wall Street Journal;@WSJ;2021-12-19T19:00:07.000Z;Super-Shoppers’ Secrets on How to Buy Anything Online—Even a PlayStation 5 How they monitor social-media channels, join virtual queues at just the right times and use special bots to know when items are restocked.;6;10
The Wall Street Journal;@WSJ;2021-12-19T18:45:07.000Z;Millennials Are Supercharging the Housing Market The generation that supposedly didn’t want to buy things now accounts for over half of all home-purchase loan applications. Economists expect them to keep demand strong for years.;20;25
The Wall Street Journal;@WSJ;2021-12-19T18:30:09.000Z;How Stephen Curry Shot His Way Into NBA History A look back at The Wall Street Journal stories that explain the best shooter in basketball;6;24
The Wall Street Journal;@WSJ;2021-12-19T18:30:09.000Z;Omicron Prompts New Covid-19 Restrictions Europe set in place new restrictions in an effort to stem the spread of Omicron. In the U.S., Dr. Anthony Fauci warned that the variant is likely to strain American hospitals in the coming weeks.;14;44
The Wall Street Journal;@WSJ;2021-12-19T18:15:03.000Z;Going Out to Eat in the Age of the Shrinking Menu Higher food costs and staffing shortages are making for slimmer menus with fewer ingredients.;13;13
The Wall Street Journal;@WSJ;2021-12-19T18:05:05.000Z;Fauci Warns Omicron Variant Will Likely Strain U.S. Hospitals The country’s top infectious disease expert said he didn’t anticipate the U.S. moving toward broad shutdowns.;110;79
The Wall Street Journal;@WSJ;2021-12-19T17:45:02.000Z;Ethan Crumbley Isn’t an Adult The prosecution wants to try him as one while also blaming the 15-year-old’s parents.;27;11
The Wall Street Journal;@WSJ;2021-12-19T17:30:05.000Z;In China, Job Cuts Mount in Sectors Hit by Tighter Regulations Technology, education and property companies are shedding employees, dimming the job prospects for college graduates.;12;24
The Wall Street Journal;@WSJ;2021-12-19T14:31:29.000Z;Sen. Joe Manchin Says He Won't Vote for ‘Build Back Better’ Bill in Blow to President Biden The West Virginia Democrat said he wouldn’t back the roughly $2 trillion plan, a decision that could doom President Biden’s top domestic-policy priority.;186;198
The Wall Street Journal;@WSJ;2021-12-19T14:00:08.000Z;Does an Infection Provide Stronger Covid-19 Immunity Than Vaccination? Evidence is growing that immunity from Covid-19 infection is at least as strong as that from vaccination. Scientists are divided on the implications for vaccine policy.;54;68
The Wall Street Journal;@WSJ;2021-12-19T13:45:14.000Z;Sotheby’s Sells $7.3 Billion in Art, Fueled by Moneyed Millennials The auction house said millennials drove an art market rebound by bidding up everything from luxury goods to NFTs.;15;20
The Wall Street Journal;@WSJ;2021-12-19T13:30:07.000Z;Inflation Adds to Cost of Clean Energy Transition Energy companies have to spend more to build solar and wind farms for the first time in years because of cost inflation and supply-chain problems, adding a financial speed bump to the switch from...;29;46
The Wall Street Journal;@WSJ;2021-12-19T13:15:06.000Z;Central Banks Worry Omicron Could Sustain Inflation Instead of loosening monetary policy to prop up their economies as they did at the start of the Covid-19 pandemic, central banks are moving to unwind stimulus and raise interest rates.;21;23
The Wall Street Journal;@WSJ;2021-12-19T13:00:25.000Z;Container Imports Tumble at Los Angeles, Long Beach Ports Last month’s surprise decline in inbound volumes seems to reflect an increased number of smaller ships arriving at the ports, even as the line for entry to the major U.S. gateway complex grows.;10;20
The Wall Street Journal;@WSJ;2021-12-19T12:45:03.000Z;Business Lobby Seeks to Delay Tax Rise That Funds Biden Spending Plan Honeywell, GE, Boeing and other large companies are launching a late lobbying blitz to persuade centrist Democratic senators that implementing a global minimum tax too soon would hurt U.S.-based...;15;40
The Wall Street Journal;@WSJ;2021-12-19T12:30:04.000Z;Wokeness Infiltrates the Salvation Army It backs away from a call on members to ‘lament, repent and apologize’ for racism.;23;19
The Wall Street Journal;@WSJ;2021-12-19T07:30:06.000Z;Taiwan Voters Back Ruling Party in Referendum, Removing Obstacle to U.S. Trade Deal The vote is a setback for Beijing that removes a key obstacle to a U.S. trade deal.;17;45
The Wall Street Journal;@WSJ;2021-12-19T07:00:07.000Z;The iPhone Feature to Turn On Before You Die A new Legacy Contact setting in iOS 15.2 lets you specify who can access your Apple iCloud information after you die. Here’s how to set it up.;6;22
The Wall Street Journal;@WSJ;2021-12-19T06:30:09.000Z;Nintendo Engineer, Under the Gun, Devised Hit Game Console Masayuki Uemura, who has died at 78, worked with Ricoh to supply a chip that jolted ‘Super Mario Bros’ to life.;9;41
The Wall Street Journal;@WSJ;2021-12-19T06:00:06.000Z;Iran’s Top Diplomat in Yemen Leaves the Country Hassan Irloo flew out of the country in an agreement between Houthi militants controlling the capital and Saudi Arabia, according to regional officials.;13;16
The Wall Street Journal;@WSJ;2021-12-19T05:30:08.000Z;Investors Balk at Plan to Buy Coal Mines and Close Them Citigroup and its partners shelved an investment fund they said would put an end date on thermal-coal mines to lower carbon emissions.;10;21
The Wall Street Journal;@WSJ;2021-12-19T05:00:09.000Z;The NFL Pivots to Less Covid Testing—Not More—to Thwart Disruptions As the league grapples with outbreaks and postponements, it has eliminated weekly testing for vaccinated players who aren’t symptomatic.;46;61
The Wall Street Journal;@WSJ;2021-12-19T04:30:08.000Z;‘The Office’ Star Brian Baumgartner Had an Un-Kevin Way of Making Career Plans “The Office” actor Brian Baumgartner was set to be a baseball player but injuries made him chart a new path.;12;23
The Wall Street Journal;@WSJ;2021-12-19T04:00:11.000Z;Kim Jong Un’s Family Tree: What You Need to Know About North Korea’s Dynasty The Kim family has governed North Korea since Soviet leader Joseph Stalin installed clan patriarch Kim Il Sung after World War II, holding power for three generations despite widespread poverty and...;18;29
The Wall Street Journal;@WSJ;2021-12-18T23:45:04.000Z;Miss America 2021: Who Won, and What It All Means Miss Alaska, Emma Broyles, was the winner of a $100,000 scholarship at the competition, as it attempts to modernize in its centennial year.;22;20
The Wall Street Journal;@WSJ;2021-12-18T23:15:03.000Z;‘Spilling the Tea,’ the Cyberbullying Tactic Plaguing Schools, Parents and Students A new form of cyberbullying is taking hold at middle schools—anonymous Instagram accounts that students create to post gossip and rumors, and in some cases to instigate fights.;20;33
The Wall Street Journal;@WSJ;2021-12-18T23:00:21.000Z;Rapper Logic’s Song About Suicide Prevention May Have Saved Hundreds of Lives, Study Says A song by the musician Logic named for the National Suicide Prevention Lifeline phone number might have saved hundreds of lives, according to a new study.;11;76
The Wall Street Journal;@WSJ;2021-12-18T22:30:08.000Z;The Olympic Skier Who Hunts Gold Medals—and Deer David Wise, a two-time gold medalist in ski halfpipe, has become more vocal about his love of the outdoors and organic meat;29;28
The Wall Street Journal;@WSJ;2021-12-18T22:15:03.000Z;YouTube TV Loses Disney Channels Including ESPN in Standoff The blackout is depriving more than four million subscribers of programming as the companies battle over distribution fees.;18;13
The Wall Street Journal;@WSJ;2021-12-18T22:00:02.000Z;The World Wants Green Hydrogen. Namibia Says It Can Deliver. The southern African nation of sun-laden deserts and wind-swept coastline is aiming to develop a hydrogen industry from renewable sources to meet growing global demand.;11;33
The Wall Street Journal;@WSJ;2021-12-18T18:30:08.000Z;What Is Cryptocurrency, and How Does It Work? We answer some commonly asked questions about this hot, but little understood, asset.;21;43
The Wall Street Journal;@WSJ;2021-12-18T18:15:03.000Z;Florida Home on the Water Trades for More Than $90 Million Located south of Palm Beach, the property was sold by hedge-fund founder Paul Saunders;19;23
The Wall Street Journal;@WSJ;2021-12-18T18:00:18.000Z;CDC Recommends Pfizer, Moderna Covid-19 Vaccines Over J&J’s Health authorities said the rate of a rare but serious blood-clotting disorder associated with the Johnson & Johnson shot is higher than previously detected.;15;29
The Wall Street Journal;@WSJ;2021-12-18T17:30:03.000Z;At Twitter and Salesforce, Bret Taylor Steps Into the Limelight Promotions to co-CEO of Salesforce and chairman of Twitter have turned a Silicon Valley entrepreneur into one of tech’s highest-profile executives.;7;18
The Wall Street Journal;@WSJ;2021-12-18T17:15:08.000Z;Europe’s Ski Slopes Are Open Despite Omicron, at Least for Now Wide use of the European Union’s digital Covid-19 pass has encouraged skiers to take to the slopes in a boost to ski-lift operators and other local businesses.;19;12
The Wall Street Journal;@WSJ;2021-12-18T17:00:07.000Z;Sailors Free at Last From Covid-19 Ship Lockdown Find Little to Do on Shore Leave A crew of U.S. sailors from the USS Porter finally went ashore in a Black Sea tourist town but were greeted by empty shops and closed bars due to the pandemic.;8;13
The Wall Street Journal;@WSJ;2021-12-18T12:45:03.000Z;Christmas Stockings Are an Industrial Triumph Special stockings for holding gifts were unimaginable before modern technology and economics made socks cheap and abundant.;9;13
The Wall Street Journal;@WSJ;2021-12-18T12:00:07.000Z;Porsche Mission R: The All-Electric Future of Racing? Once gas-powered engines are banned, how will Porsche keep its lucrative club-racing business alive? The Mission R is a first stab at the answer.;5;14
The Wall Street Journal;@WSJ;2021-12-18T11:30:09.000Z;The AI Economy Is Focused on the Usual Superstar Cities. Let’s Fix It Now There are things cities, states, companies and the federal government can do to make sure urban areas get a piece of the next big thing;15;20
The Wall Street Journal;@WSJ;2021-12-18T11:01:15.000Z;The Science Behind Omicron’s Rapid Spread The Omicron variant appears better able to break into cells and evade immunity, and seems to replicate faster in the airways than the Delta variant of Covid-19.;31;47
The Wall Street Journal;@WSJ;2021-12-18T10:30:09.000Z;Take a look at the front page of today's Wall Street Journal;10;39
The Wall Street Journal;@WSJ;2021-12-18T05:30:06.000Z;Here is an early look at the front page of The Wall Street Journal's weekend edition;4;26
The Wall Street Journal;@WSJ;2021-12-18T05:30:02.000Z;New York Hits Covid-19 Case Record as Omicron Looms Officials worked to shore up testing and healthcare capacity, as new Covid-19 infections hit a daily record in New York state and the Omicron variant added new risks to the pandemic response across...;32;24
The Wall Street Journal;@WSJ;2021-12-18T05:15:05.000Z;Caroline Hirsch Is One of Comedy’s Best Talent-Spotters For 40 years, her New York club Carolines on Broadway has hosted America’s favorite stand-up comics.;1;5
The Wall Street Journal;@WSJ;2021-12-18T05:00:09.000Z;How to Skip the Airport Security Line For Free Airports across the country are allowing passengers to make appointments for TSA screening, partly in response to pandemic travel stresses.;1;19
The Wall Street Journal;@WSJ;2021-12-18T04:45:04.000Z;Florida Home That Once Housed University of Miami Presidents Lists for $39.99 Million The Coral Gables estate was home to former Rep. Donna Shalala;4;7
The Wall Street Journal;@WSJ;2021-12-18T04:30:04.000Z;How One Essential Wine Guide Has Stood the Test of Time Updated annually since its 1977 debut—and now in its 45th edition—“Hugh Johnson’s Pocket Wine Book” provides a unique perspective and authoritative information. Its creator reflects on this classic...;1;9
The Wall Street Journal;@WSJ;2021-12-18T04:15:05.000Z;Major Music Acts Are Seeing 20% No-Show Rates at Concerts Fans who have tickets to concerts like George Strait and the Eagles haven’t been using them, another development rattling the music industry.;11;13
The Wall Street Journal;@WSJ;2021-12-18T01:00:19.000Z;Tiger Woods Returns This Weekend—in a Tournament With His Son Ten months after his car crash, Woods knows his golf career won’t be the same. The PNC Championship is a sign of the kind of competition he’s ready for.;4;13
The Wall Street Journal;@WSJ;2021-12-18T00:53:15.000Z;Appeals Court Reinstates Biden Covid-19 Vaccine Rules for Large Employers A divided panel of the Sixth U.S. Circuit Court of Appeals dissolved a stay issued by another court that had blocked the rules.;46;61
The Wall Street Journal;@WSJ;2021-12-18T00:45:07.000Z;Omicron and Its Symptoms: What to Know as Americans Are Catching the New Variant The new variant continues to spread around the world but might still be susceptible to current vaccines.;11;17
The Wall Street Journal;@WSJ;2021-12-18T00:30:07.000Z;COLA Doesn’t Bring Much Refreshment Automatic wage hikes can’t keep up with inflation. They can only fuel it further.;13;9
The Wall Street Journal;@WSJ;2021-12-18T00:15:04.000Z;Unvaccinated Kyrie Irving’s Return Hits a Snag: He’s Already in the Covid Protocols The Brooklyn Nets announced the unvaccinated star’s return on Friday night. By Saturday afternoon he was sidelined by Covid.;51;85
The Wall Street Journal;@WSJ;2021-12-18T00:00:16.000Z;The Elizabeth Holmes Trial: Jurors Start Deliberating Fate of Theranos Founder The judge handed the case to the jury after closing arguments, a turning point in the monthslong trial of Elizabeth Holmes.;10;12
The Wall Street Journal;@WSJ;2021-12-17T23:45:06.000Z;Inflation Is Near a 40-Year High. Here’s What It Looks Like. Upward pressure on prices is broadening beyond the goods and services that were directly affected by the Covid-19 pandemic. Price increases for fuel, cars, food, apparel and medical care vary widely.;4;35
The Wall Street Journal;@WSJ;2021-12-17T23:30:03.000Z;Moderna Drops Pursuit of U.S. Patent for Key Component of Covid-19 Vaccine The company has had been in a dispute with the National Institutes of Health over who invented a key component of the widely used vaccine.;12;38
The Wall Street Journal;@WSJ;2021-12-17T23:15:07.000Z;The Shadow Crisis Unfolding in One Doctor's Clinic - The Journal. - WSJ Podcasts Dr. Christine Hancock is a primary care doctor in Washington state. Early in the pandemic, Dr. Hancock thought her patients would be hit hard by Covid-19. But she has seen a different crisis play out...;4;7
The Wall Street Journal;@WSJ;2021-12-17T20:32:33.000Z;Pfizer Delays Plans to Seek Authorization of Covid-19 Vaccine for Young Children The shot generated a weaker than expected immune response in a key study of children two to five years.;17;55
The Wall Street Journal;@WSJ;2021-12-17T20:15:05.000Z;Southwest Airlines CEO Gary Kelly Tests Positive for Covid-19 Chief Executive Gary Kelly had tested negative several times before a Senate committee hearing this week and tested positive after returning home.;11;26
The Wall Street Journal;@WSJ;2021-12-17T20:00:09.000Z;Omicron Variant Now Dominates in England and Scotland, Health Data Show The U.K. reported a record number of new daily cases, and infections of the Covid-19 variant are estimated to be doubling in less than two days across much of England.;18;30
The Wall Street Journal;@WSJ;2021-12-17T19:45:05.000Z;Defense Rests in Ghislaine Maxwell Trial The defense wrapped up its case in the sex-trafficking trial of British socialite Ghislaine Maxwell, following testimony from Jeffrey Epstein’s former girlfriend to counter claims made by four...;3;15
The Wall Street Journal;@WSJ;2021-12-17T19:00:11.000Z;Xi Jinping Doesn’t Know What to Do After Popping a Real-Estate Bubble He wants to raise living standards while limiting the ‘barbaric growth of capital.’ Good luck.;18;22
The Wall Street Journal;@WSJ;2021-12-17T16:00:11.000Z;Alibaba Unveils Climate Goals, Seeks to Reassure Investors The e-commerce giant sought to reassure investors about its growth trajectory, as it also unveiled environmental-sustainability goals, pledging to become carbon neutral in its operations by 2030.;4;16
The Wall Street Journal;@WSJ;2021-12-17T16:00:03.000Z;‘The Corpse Bride Diet’: How TikTok Inundates Teens With Eating-Disorder Videos The app’s algorithm can send users down rabbit holes of narrow interest, resulting in potentially dangerous content such as emaciated images, purging techniques, hazardous diets and body shaming.;4;11
The Wall Street Journal;@WSJ;2021-12-17T15:45:06.000Z;Japan Fire That Killed 24 Probed as Arson, Murder Case A man who walked into a busy Japanese mental-health clinic with a paper bag carrying flammable liquid is under investigation for murder and arson.;6;15
The Wall Street Journal;@WSJ;2021-12-17T15:15:07.000Z;Taking Joe Manchin Seriously Democratic leaders have never believed he meant what he said.;41;32
The Wall Street Journal;@WSJ;2021-12-17T15:00:12.000Z;Omicron and Holiday Shopping Converge in Last Week Before Christmas Many U.S. consumers listened to the early warnings about out-of-stock items and supply-chain disruptions unmoved. Late shoppers are expected to make Saturday one of the busiest days of the season.;6;12
The Wall Street Journal;@WSJ;2021-12-17T14:45:04.000Z;Bayer Welcomes Supreme Court’s Roundup Move The Supreme Court’s request for the Biden administration to offer its views on a case about the alleged health risks of the Roundup weedkiller was an encouraging step, the head of Bayer said.;2;12
The Wall Street Journal;@WSJ;2021-12-17T14:30:00.000Z;From German Christmas markets to Spanish holiday trips, the Covid-19 pandemic is dashing hopes of a normal festive season across Europe #WSJWhatsNow;4;19
The Wall Street Journal;@WSJ;2021-12-17T14:00:04.000Z;How Four Families Are Budgeting for Their Second Pandemic Holiday Season Homemade gifts and shorter lists are among the measures Americans are using to deal with hardship—or maintain financial momentum into the new year. “I want to be financially free.”;5;8
The Wall Street Journal;@WSJ;2021-12-17T13:45:06.000Z;Washington Post Grasps for New Direction as Trump-Era Boom Fades News outlet’s audience is down sharply, amid sector-wide declines, and subscription growth has stagnated as readers look beyond politics.;25;10
The Wall Street Journal;@WSJ;2021-12-17T13:15:03.000Z;Spider-Man Fights for Sony in the Streaming Wars As other studios fight it out to build their online platforms, Sony Pictures has boosted profits by being an ‘arms dealer’ willing to sell content to the highest bidder.;4;16
The Wall Street Journal;@WSJ;2021-12-17T13:02:38.000Z;Tornado Insurance Payouts On Track to Hit $5 Billion The storms that tore through six states on Friday could be one of the most costly tornado disasters in history.;7;21
The Wall Street Journal;@WSJ;2021-12-17T12:30:15.000Z;As Covid-19 Cases Multiply, Australia Tries to Change Public Perception of the Virus How Australians respond could inform other countries, including many in Asia that also contained the virus during the pandemic by imposing restrictions such as lockdowns and travel bans but worry...;10;18
The Wall Street Journal;@WSJ;2021-12-17T12:01:48.000Z;Hong Kong Holds First Election Without Opposition. But Will People Vote? Sunday’s election will feature only Beijing-approved candidates, after an overhaul of voting rules and a crackdown on the city’s opposition.;37;113
The Wall Street Journal;@WSJ;2021-12-17T11:45:06.000Z;Electric-Truck Startup Rivian Plans New $5 Billion Factory Complex in Georgia The manufacturing facility, the company’s second in the U.S., is expected to start production in 2024.;11;27
